name;project;difficulty;fun;last_name;email;gender;avatar;adress
René;SCRUM;1;1;Nagelhout;rfwnag@hotmail.com;Male;https://randomuser.me/api/portraits/men/42.jpg;8381AP Vledder
Evelyn;SCRUM;3;4;Seaton;mseaton1@blinklist.com;Female;https://randomuser.me/api/portraits/women/37.jpg;5743 Arizona Center
Floris;SCRUM;2;1;Cogley;scogley2@mozilla.com;Male;https://randomuser.me/api/portraits/men/36.jpg;86 Shoshone Point
Hector;SCRUM;1;2;Mullane;tmullane3@sun.com;Male;https://randomuser.me/api/portraits/men/87.jpg;34603 Mockingbird Street
Martina;SCRUM;1;1;Poulsum;wpoulsum4@etsy.com;Female;https://randomuser.me/api/portraits/women/45.jpg;9401 Bobwhite Way
Maurits;SCRUM;3;4;Varvell;cvarvell5@netscape.com;Male;https://randomuser.me/api/portraits/men/88.jpg;621 Talisman Junction
Rahima;SCRUM;2;4;Cotillard;jcotillard6@census.gov;Female;https://randomuser.me/api/portraits/women/37.jpg;5 Karstens Place
Sandra;SCRUM;4;1;Toe;htoe7@google.co.uk;Female;https://randomuser.me/api/portraits/women/75.jpg;4525 Russell Pass
Storm;SCRUM;1;1;Dispencer;mdispencer8@creats.org;Male;https://randomuser.me/api/portraits/men/42.jpg;332 Shoshone Point
Wietske;SCRUM;1;1;Isack;nisack9@nsw.gov.au;Female;https://randomuser.me/api/portraits/women/50.jpg;45727 Lake View Parkway
René;W1D1-1;4;3;;;;;
Evelyn;W1D1-1;3;3;;;;;
Floris;W1D1-1;4;3;;;;;
Hector;W1D1-1;1;4;;;;;
Martina;W1D1-1;4;1;;;;;
Maurits;W1D1-1;4;3;;;;;
Rahima;W1D1-1;3;4;;;;;
Sandra;W1D1-1;2;4;;;;;
Storm;W1D1-1;2;2;;;;;
Wietske;W1D1-1;4;3;;;;;
René;W1D2-1;3;1;;;;;
Evelyn;W1D2-1;1;3;;;;;
Floris;W1D2-1;1;2;;;;;
Hector;W1D2-1;2;4;;;;;
Martina;W1D2-1;3;3;;;;;
Maurits;W1D2-1;2;2;;;;;
Rahima;W1D2-1;2;4;;;;;
Sandra;W1D2-1;3;4;;;;;
Storm;W1D2-1;2;3;;;;;
Wietske;W1D2-1;1;4;;;;;
René;W1D2-2;3;2;;;;;
Evelyn;W1D2-2;1;4;;;;;
Floris;W1D2-2;1;4;;;;;
Hector;W1D2-2;2;3;;;;;
Martina;W1D2-2;2;1;;;;;
Maurits;W1D2-2;1;4;;;;;
Rahima;W1D2-2;1;2;;;;;
Sandra;W1D2-2;3;2;;;;;
Storm;W1D2-2;1;3;;;;;
Wietske;W1D2-2;1;2;;;;;
René;W1D2-3;4;1;;;;;
Evelyn;W1D2-3;2;3;;;;;
Floris;W1D2-3;1;4;;;;;
Hector;W1D2-3;1;2;;;;;
Martina;W1D2-3;2;1;;;;;
Maurits;W1D2-3;2;2;;;;;
Rahima;W1D2-3;1;3;;;;;
Sandra;W1D2-3;3;4;;;;;
Storm;W1D2-3;1;2;;;;;
Wietske;W1D2-3;2;3;;;;;
René;W1D2-4;2;3;;;;;
Evelyn;W1D2-4;3;4;;;;;
Floris;W1D2-4;3;4;;;;;
Hector;W1D2-4;1;3;;;;;
Martina;W1D2-4;4;2;;;;;
Maurits;W1D2-4;3;1;;;;;
Rahima;W1D2-4;1;2;;;;;
Sandra;W1D2-4;3;1;;;;;
Storm;W1D2-4;4;3;;;;;
Wietske;W1D2-4;2;1;;;;;
René;W1D2-5;4;2;;;;;
Evelyn;W1D2-5;3;4;;;;;
Floris;W1D2-5;1;3;;;;;
Hector;W1D2-5;3;1;;;;;
Martina;W1D2-5;3;4;;;;;
Maurits;W1D2-5;2;3;;;;;
Rahima;W1D2-5;1;3;;;;;
Sandra;W1D2-5;4;3;;;;;
Storm;W1D2-5;3;3;;;;;
Wietske;W1D2-5;3;4;;;;;
René;W1D3 - Project - Guess-the-number;2;3;;;;;
Evelyn;W1D3 - Project - Guess-the-number;5;5;;;;;
Floris;W1D3 - Project - Guess-the-number;2;2;;;;;
Hector;W1D3 - Project - Guess-the-number;3;1;;;;;
Martina;W1D3 - Project - Guess-the-number;2;2;;;;;
Maurits;W1D3 - Project - Guess-the-number;1;1;;;;;
Rahima;W1D3 - Project - Guess-the-number;3;1;;;;;
Sandra;W1D3 - Project - Guess-the-number;2;4;;;;;
Storm;W1D3 - Project - Guess-the-number;3;4;;;;;
Wietske;W1D3 - Project - Guess-the-number;2;4;;;;;
René;W1D3-1;3;2;;;;;
Evelyn;W1D3-1;3;4;;;;;
Floris;W1D3-1;2;4;;;;;
Hector;W1D3-1;1;4;;;;;
Martina;W1D3-1;3;4;;;;;
Maurits;W1D3-1;2;4;;;;;
Rahima;W1D3-1;1;1;;;;;
Sandra;W1D3-1;1;1;;;;;
Storm;W1D3-1;2;3;;;;;
Wietske;W1D3-1;1;2;;;;;
René;W1D3-2;2;1;;;;;
Evelyn;W1D3-2;3;4;;;;;
Floris;W1D3-2;4;4;;;;;
Hector;W1D3-2;4;3;;;;;
Martina;W1D3-2;2;1;;;;;
Maurits;W1D3-2;2;2;;;;;
Rahima;W1D3-2;2;4;;;;;
Sandra;W1D3-2;1;1;;;;;
Storm;W1D3-2;1;1;;;;;
Wietske;W1D3-2;1;4;;;;;
René;W1D3-4;1;2;;;;;
Evelyn;W1D3-4;4;4;;;;;
Floris;W1D3-4;4;2;;;;;
Hector;W1D3-4;3;1;;;;;
Martina;W1D3-4;3;2;;;;;
Maurits;W1D3-4;2;2;;;;;
Rahima;W1D3-4;1;2;;;;;
Sandra;W1D3-4;3;3;;;;;
Storm;W1D3-4;1;1;;;;;
Wietske;W1D3-4;2;1;;;;;
René;W1D3-5;4;1;;;;;
Evelyn;W1D3-5;4;4;;;;;
Floris;W1D3-5;2;4;;;;;
Hector;W1D3-5;4;2;;;;;
Martina;W1D3-5;1;1;;;;;
Maurits;W1D3-5;1;3;;;;;
Rahima;W1D3-5;2;2;;;;;
Sandra;W1D3-5;4;3;;;;;
Storm;W1D3-5;2;2;;;;;
Wietske;W1D3-5;3;4;;;;;
René;W1D4 - Project - Kleurentoggle;4;3;;;;;
Evelyn;W1D4 - Project - Kleurentoggle;3;4;;;;;
Floris;W1D4 - Project - Kleurentoggle;4;3;;;;;
Hector;W1D4 - Project - Kleurentoggle;1;3;;;;;
Martina;W1D4 - Project - Kleurentoggle;1;3;;;;;
Maurits;W1D4 - Project - Kleurentoggle;4;1;;;;;
Rahima;W1D4 - Project - Kleurentoggle;2;4;;;;;
Sandra;W1D4 - Project - Kleurentoggle;1;3;;;;;
Storm;W1D4 - Project - Kleurentoggle;3;2;;;;;
Wietske;W1D4 - Project - Kleurentoggle;2;3;;;;;
René;W1D4-1;3;2;;;;;
Evelyn;W1D4-1;4;5;;;;;
Floris;W1D4-1;1;3;;;;;
Hector;W1D4-1;1;1;;;;;
Martina;W1D4-1;4;2;;;;;
Maurits;W1D4-1;3;4;;;;;
Rahima;W1D4-1;4;3;;;;;
Sandra;W1D4-1;3;2;;;;;
Storm;W1D4-1;4;2;;;;;
Wietske;W1D4-1;2;4;;;;;
René;W1D5 - Project - Galgje;4;1;;;;;
Evelyn;W1D5 - Project - Galgje;3;3;;;;;
Floris;W1D5 - Project - Galgje;4;4;;;;;
Hector;W1D5 - Project - Galgje;2;4;;;;;
Martina;W1D5 - Project - Galgje;1;4;;;;;
Maurits;W1D5 - Project - Galgje;3;2;;;;;
Rahima;W1D5 - Project - Galgje;3;3;;;;;
Sandra;W1D5 - Project - Galgje;3;3;;;;;
Storm;W1D5 - Project - Galgje;4;4;;;;;
Wietske;W1D5 - Project - Galgje;3;3;;;;;
René;W2D1-1;2;4;;;;;
Evelyn;W2D1-1;1;5;;;;;
Floris;W2D1-1;2;2;;;;;
Hector;W2D1-1;4;4;;;;;
Martina;W2D1-1;1;4;;;;;
Maurits;W2D1-1;1;1;;;;;
Rahima;W2D1-1;2;2;;;;;
Sandra;W2D1-1;4;1;;;;;
Storm;W2D1-1;2;4;;;;;
Wietske;W2D1-1;3;1;;;;;
René;W2D1-2;4;4;;;;;
Evelyn;W2D1-2;2;5;;;;;
Floris;W2D1-2;4;1;;;;;
Hector;W2D1-2;3;2;;;;;
Martina;W2D1-2;4;2;;;;;
Maurits;W2D1-2;2;3;;;;;
Rahima;W2D1-2;3;1;;;;;
Sandra;W2D1-2;4;3;;;;;
Storm;W2D1-2;3;2;;;;;
Wietske;W2D1-2;4;1;;;;;
René;W2D2-1;3;4;;;;;
Evelyn;W2D2-1;3;4;;;;;
Floris;W2D2-1;4;1;;;;;
Hector;W2D2-1;4;3;;;;;
Martina;W2D2-1;4;1;;;;;
Maurits;W2D2-1;1;2;;;;;
Rahima;W2D2-1;1;1;;;;;
Sandra;W2D2-1;3;4;;;;;
Storm;W2D2-1;4;4;;;;;
Wietske;W2D2-1;2;2;;;;;
René;W2D2-2;3;4;;;;;
Evelyn;W2D2-2;3;4;;;;;
Floris;W2D2-2;2;2;;;;;
Hector;W2D2-2;1;2;;;;;
Martina;W2D2-2;3;3;;;;;
Maurits;W2D2-2;4;1;;;;;
Rahima;W2D2-2;1;1;;;;;
Sandra;W2D2-2;2;3;;;;;
Storm;W2D2-2;2;1;;;;;
Wietske;W2D2-2;2;4;;;;;
René;W2D2-3;1;4;;;;;
Evelyn;W2D2-3;3;4;;;;;
Floris;W2D2-3;4;2;;;;;
Hector;W2D2-3;3;2;;;;;
Martina;W2D2-3;3;1;;;;;
Maurits;W2D2-3;2;2;;;;;
Rahima;W2D2-3;4;2;;;;;
Sandra;W2D2-3;4;3;;;;;
Storm;W2D2-3;1;1;;;;;
Wietske;W2D2-3;3;4;;;;;
René;W2D3-1;4;3;;;;;
Evelyn;W2D3-1;4;4;;;;;
Floris;W2D3-1;1;1;;;;;
Hector;W2D3-1;3;1;;;;;
Martina;W2D3-1;4;2;;;;;
Maurits;W2D3-1;2;2;;;;;
Rahima;W2D3-1;1;1;;;;;
Sandra;W2D3-1;1;2;;;;;
Storm;W2D3-1;2;3;;;;;
Wietske;W2D3-1;2;1;;;;;
René;W2D3-2;4;1;;;;;
Evelyn;W2D3-2;1;3;;;;;
Floris;W2D3-2;1;2;;;;;
Hector;W2D3-2;4;2;;;;;
Martina;W2D3-2;3;4;;;;;
Maurits;W2D3-2;3;3;;;;;
Rahima;W2D3-2;1;4;;;;;
Sandra;W2D3-2;3;2;;;;;
Storm;W2D3-2;3;4;;;;;
Wietske;W2D3-2;1;1;;;;;
René;W2D3-3;1;1;;;;;
Evelyn;W2D3-3;4;4;;;;;
Floris;W2D3-3;3;3;;;;;
Hector;W2D3-3;4;2;;;;;
Martina;W2D3-3;3;3;;;;;
Maurits;W2D3-3;2;1;;;;;
Rahima;W2D3-3;4;2;;;;;
Sandra;W2D3-3;2;2;;;;;
Storm;W2D3-3;3;2;;;;;
Wietske;W2D3-3;2;3;;;;;
René;W2D4-1;1;4;;;;;
Evelyn;W2D4-1;1;3;;;;;
Floris;W2D4-1;4;4;;;;;
Hector;W2D4-1;2;4;;;;;
Martina;W2D4-1;1;4;;;;;
Maurits;W2D4-1;1;3;;;;;
Rahima;W2D4-1;4;4;;;;;
Sandra;W2D4-1;1;3;;;;;
Storm;W2D4-1;3;4;;;;;
Wietske;W2D4-1;1;1;;;;;
René;W2D4-2;2;3;;;;;
Evelyn;W2D4-2;4;4;;;;;
Floris;W2D4-2;3;1;;;;;
Hector;W2D4-2;4;1;;;;;
Martina;W2D4-2;3;4;;;;;
Maurits;W2D4-2;3;2;;;;;
Rahima;W2D4-2;4;4;;;;;
Sandra;W2D4-2;2;4;;;;;
Storm;W2D4-2;4;3;;;;;
Wietske;W2D4-2;2;4;;;;;
René;W2D4-3;2;3;;;;;
Evelyn;W2D4-3;1;3;;;;;
Floris;W2D4-3;4;1;;;;;
Hector;W2D4-3;3;2;;;;;
Martina;W2D4-3;3;4;;;;;
Maurits;W2D4-3;3;3;;;;;
Rahima;W2D4-3;2;3;;;;;
Sandra;W2D4-3;2;2;;;;;
Storm;W2D4-3;2;1;;;;;
Wietske;W2D4-3;4;3;;;;;
René;W2D5 - Project - Filmzoeker;2;2;;;;;
Evelyn;W2D5 - Project - Filmzoeker;3;4;;;;;
Floris;W2D5 - Project - Filmzoeker;4;1;;;;;
Hector;W2D5 - Project - Filmzoeker;4;1;;;;;
Martina;W2D5 - Project - Filmzoeker;2;4;;;;;
Maurits;W2D5 - Project - Filmzoeker;3;1;;;;;
Rahima;W2D5 - Project - Filmzoeker;3;1;;;;;
Sandra;W2D5 - Project - Filmzoeker;2;4;;;;;
Storm;W2D5 - Project - Filmzoeker;4;1;;;;;
Wietske;W2D5 - Project - Filmzoeker;2;2;;;;;
René;W3D1-1;4;2;;;;;
Evelyn;W3D1-1;3;4;;;;;
Floris;W3D1-1;4;3;;;;;
Hector;W3D1-1;1;1;;;;;
Martina;W3D1-1;1;1;;;;;
Maurits;W3D1-1;4;4;;;;;
Rahima;W3D1-1;1;1;;;;;
Sandra;W3D1-1;3;3;;;;;
Storm;W3D1-1;2;1;;;;;
Wietske;W3D1-1;1;3;;;;;
René;W3D1-2;3;2;;;;;
Evelyn;W3D1-2;2;4;;;;;
Floris;W3D1-2;2;3;;;;;
Hector;W3D1-2;1;4;;;;;
Martina;W3D1-2;3;3;;;;;
Maurits;W3D1-2;1;3;;;;;
Rahima;W3D1-2;1;2;;;;;
Sandra;W3D1-2;3;4;;;;;
Storm;W3D1-2;2;2;;;;;
Wietske;W3D1-2;4;4;;;;;
René;W3D1-3;1;4;;;;;
Evelyn;W3D1-3;3;4;;;;;
Floris;W3D1-3;2;3;;;;;
Hector;W3D1-3;3;2;;;;;
Martina;W3D1-3;3;1;;;;;
Maurits;W3D1-3;1;4;;;;;
Rahima;W3D1-3;2;3;;;;;
Sandra;W3D1-3;2;4;;;;;
Storm;W3D1-3;1;2;;;;;
Wietske;W3D1-3;4;2;;;;;
René;W3D1-4;1;3;;;;;
Evelyn;W3D1-4;3;3;;;;;
Floris;W3D1-4;3;3;;;;;
Hector;W3D1-4;4;3;;;;;
Martina;W3D1-4;3;2;;;;;
Maurits;W3D1-4;1;2;;;;;
Rahima;W3D1-4;2;4;;;;;
Sandra;W3D1-4;2;2;;;;;
Storm;W3D1-4;2;3;;;;;
Wietske;W3D1-4;1;4;;;;;
René;W3D2-1;1;3;;;;;
Evelyn;W3D2-1;2;4;;;;;
Floris;W3D2-1;3;2;;;;;
Hector;W3D2-1;1;3;;;;;
Martina;W3D2-1;1;2;;;;;
Maurits;W3D2-1;1;4;;;;;
Rahima;W3D2-1;3;2;;;;;
Sandra;W3D2-1;2;4;;;;;
Storm;W3D2-1;1;4;;;;;
Wietske;W3D2-1;3;2;;;;;
René;W3D2-2;2;3;;;;;
Evelyn;W3D2-2;3;3;;;;;
Floris;W3D2-2;2;2;;;;;
Hector;W3D2-2;4;3;;;;;
Martina;W3D2-2;2;4;;;;;
Maurits;W3D2-2;1;1;;;;;
Rahima;W3D2-2;1;4;;;;;
Sandra;W3D2-2;2;3;;;;;
Storm;W3D2-2;3;3;;;;;
Wietske;W3D2-2;1;3;;;;;
René;W3D2-3;2;3;;;;;
Evelyn;W3D2-3;3;5;;;;;
Floris;W3D2-3;3;2;;;;;
Hector;W3D2-3;2;1;;;;;
Martina;W3D2-3;3;1;;;;;
Maurits;W3D2-3;4;3;;;;;
Rahima;W3D2-3;2;1;;;;;
Sandra;W3D2-3;1;2;;;;;
Storm;W3D2-3;3;4;;;;;
Wietske;W3D2-3;2;4;;;;;
René;W3D3-1;2;2;;;;;
Evelyn;W3D3-1;4;4;;;;;
Floris;W3D3-1;4;4;;;;;
Hector;W3D3-1;4;4;;;;;
Martina;W3D3-1;1;4;;;;;
Maurits;W3D3-1;1;1;;;;;
Rahima;W3D3-1;3;1;;;;;
Sandra;W3D3-1;1;2;;;;;
Storm;W3D3-1;3;4;;;;;
Wietske;W3D3-1;1;4;;;;;
René;W3D3-2;4;3;;;;;
Evelyn;W3D3-2;4;5;;;;;
Floris;W3D3-2;2;4;;;;;
Hector;W3D3-2;3;1;;;;;
Martina;W3D3-2;4;1;;;;;
Maurits;W3D3-2;2;1;;;;;
Rahima;W3D3-2;4;4;;;;;
Sandra;W3D3-2;2;2;;;;;
Storm;W3D3-2;1;2;;;;;
Wietske;W3D3-2;3;1;;;;;
René;W3D3-3;3;3;;;;;
Evelyn;W3D3-3;3;5;;;;;
Floris;W3D3-3;2;1;;;;;
Hector;W3D3-3;2;4;;;;;
Martina;W3D3-3;3;3;;;;;
Maurits;W3D3-3;1;3;;;;;
Rahima;W3D3-3;1;4;;;;;
Sandra;W3D3-3;4;4;;;;;
Storm;W3D3-3;3;1;;;;;
Wietske;W3D3-3;1;3;;;;;
René;W3D3-4;1;3;;;;;
Evelyn;W3D3-4;4;5;;;;;
Floris;W3D3-4;3;2;;;;;
Hector;W3D3-4;4;1;;;;;
Martina;W3D3-4;2;3;;;;;
Maurits;W3D3-4;4;1;;;;;
Rahima;W3D3-4;2;2;;;;;
Sandra;W3D3-4;3;2;;;;;
Storm;W3D3-4;3;1;;;;;
Wietske;W3D3-4;3;4;;;;;
René;W3D4-1;1;1;;;;;
Evelyn;W3D4-1;5;5;;;;;
Floris;W3D4-1;1;3;;;;;
Hector;W3D4-1;3;4;;;;;
Martina;W3D4-1;4;4;;;;;
Maurits;W3D4-1;4;4;;;;;
Rahima;W3D4-1;1;2;;;;;
Sandra;W3D4-1;2;3;;;;;
Storm;W3D4-1;2;4;;;;;
Wietske;W3D4-1;3;4;;;;;
René;W3D4-2;3;2;;;;;
Evelyn;W3D4-2;1;5;;;;;
Floris;W3D4-2;2;2;;;;;
Hector;W3D4-2;1;4;;;;;
Martina;W3D4-2;3;1;;;;;
Maurits;W3D4-2;1;3;;;;;
Rahima;W3D4-2;3;3;;;;;
Sandra;W3D4-2;1;1;;;;;
Storm;W3D4-2;3;4;;;;;
Wietske;W3D4-2;4;2;;;;;
René;W3D5 - Project - Todo-List;1;1;;;;;
Evelyn;W3D5 - Project - Todo-List;2;5;;;;;
Floris;W3D5 - Project - Todo-List;4;2;;;;;
Hector;W3D5 - Project - Todo-List;2;4;;;;;
Martina;W3D5 - Project - Todo-List;2;3;;;;;
Maurits;W3D5 - Project - Todo-List;3;4;;;;;
Rahima;W3D5 - Project - Todo-List;2;4;;;;;
Sandra;W3D5 - Project - Todo-List;1;2;;;;;
Storm;W3D5 - Project - Todo-List;3;2;;;;;
Wietske;W3D5 - Project - Todo-List;2;4;;;;;
René;W4D2-1;2;1;;;;;
Evelyn;W4D2-1;1;5;;;;;
Floris;W4D2-1;1;4;;;;;
Hector;W4D2-1;1;1;;;;;
Martina;W4D2-1;3;4;;;;;
Maurits;W4D2-1;3;1;;;;;
Rahima;W4D2-1;2;4;;;;;
Sandra;W4D2-1;3;3;;;;;
Storm;W4D2-1;2;1;;;;;
Wietske;W4D2-1;3;3;;;;;
René;W4D2-2;3;2;;;;;
Evelyn;W4D2-2;1;5;;;;;
Floris;W4D2-2;2;3;;;;;
Hector;W4D2-2;2;1;;;;;
Martina;W4D2-2;1;2;;;;;
Maurits;W4D2-2;4;4;;;;;
Rahima;W4D2-2;4;3;;;;;
Sandra;W4D2-2;1;1;;;;;
Storm;W4D2-2;3;3;;;;;
Wietske;W4D2-2;2;4;;;;;
René;W4D2-3;2;2;;;;;
Evelyn;W4D2-3;1;5;;;;;
Floris;W4D2-3;2;4;;;;;
Hector;W4D2-3;3;3;;;;;
Martina;W4D2-3;3;4;;;;;
Maurits;W4D2-3;4;1;;;;;
Rahima;W4D2-3;3;3;;;;;
Sandra;W4D2-3;3;4;;;;;
Storm;W4D2-3;2;2;;;;;
Wietske;W4D2-3;1;2;;;;;
René;W4D2-4;3;4;;;;;
Evelyn;W4D2-4;1;5;;;;;
Floris;W4D2-4;1;2;;;;;
Hector;W4D2-4;1;3;;;;;
Martina;W4D2-4;4;1;;;;;
Maurits;W4D2-4;2;3;;;;;
Rahima;W4D2-4;4;1;;;;;
Sandra;W4D2-4;1;4;;;;;
Storm;W4D2-4;3;4;;;;;
Wietske;W4D2-4;4;3;;;;;
René;W4D3 - Project - Next-Level CSS;4;4;;;;;
Evelyn;W4D3 - Project - Next-Level CSS;1;5;;;;;
Floris;W4D3 - Project - Next-Level CSS;2;2;;;;;
Hector;W4D3 - Project - Next-Level CSS;3;1;;;;;
Martina;W4D3 - Project - Next-Level CSS;3;4;;;;;
Maurits;W4D3 - Project - Next-Level CSS;2;3;;;;;
Rahima;W4D3 - Project - Next-Level CSS;1;2;;;;;
Sandra;W4D3 - Project - Next-Level CSS;3;4;;;;;
Storm;W4D3 - Project - Next-Level CSS;4;1;;;;;
Wietske;W4D3 - Project - Next-Level CSS;4;2;;;;;
René;W4D3-1;2;1;;;;;
Evelyn;W4D3-1;1;5;;;;;
Floris;W4D3-1;1;4;;;;;
Hector;W4D3-1;3;3;;;;;
Martina;W4D3-1;2;4;;;;;
Maurits;W4D3-1;3;1;;;;;
Rahima;W4D3-1;2;1;;;;;
Sandra;W4D3-1;3;1;;;;;
Storm;W4D3-1;3;4;;;;;
Wietske;W4D3-1;2;1;;;;;
René;W4D3-2;4;4;;;;;
Evelyn;W4D3-2;1;5;;;;;
Floris;W4D3-2;4;4;;;;;
Hector;W4D3-2;1;4;;;;;
Martina;W4D3-2;1;3;;;;;
Maurits;W4D3-2;3;2;;;;;
Rahima;W4D3-2;1;1;;;;;
Sandra;W4D3-2;1;3;;;;;
Storm;W4D3-2;2;3;;;;;
Wietske;W4D3-2;1;2;;;;;
René;W4D3-3;3;1;;;;;
Evelyn;W4D3-3;1;5;;;;;
Floris;W4D3-3;3;2;;;;;
Hector;W4D3-3;3;1;;;;;
Martina;W4D3-3;2;4;;;;;
Maurits;W4D3-3;3;4;;;;;
Rahima;W4D3-3;2;1;;;;;
Sandra;W4D3-3;2;4;;;;;
Storm;W4D3-3;1;1;;;;;
Wietske;W4D3-3;1;4;;;;;
René;W4D3-4;3;1;;;;;
Evelyn;W4D3-4;1;5;;;;;
Floris;W4D3-4;2;2;;;;;
Hector;W4D3-4;1;3;;;;;
Martina;W4D3-4;4;1;;;;;
Maurits;W4D3-4;1;3;;;;;
Rahima;W4D3-4;2;2;;;;;
Sandra;W4D3-4;1;4;;;;;
Storm;W4D3-4;3;1;;;;;
Wietske;W4D3-4;3;4;;;;;
René;W4D3-5;4;3;;;;;
Evelyn;W4D3-5;1;5;;;;;
Floris;W4D3-5;4;1;;;;;
Hector;W4D3-5;1;2;;;;;
Martina;W4D3-5;3;2;;;;;
Maurits;W4D3-5;2;1;;;;;
Rahima;W4D3-5;3;2;;;;;
Sandra;W4D3-5;1;3;;;;;
Storm;W4D3-5;2;3;;;;;
Wietske;W4D3-5;4;3;;;;;
René;W5D4-1;1;3;;;;;
Evelyn;W5D4-1;3;4;;;;;
Floris;W5D4-1;1;3;;;;;
Hector;W5D4-1;3;4;;;;;
Martina;W5D4-1;1;4;;;;;
Maurits;W5D4-1;1;3;;;;;
Rahima;W5D4-1;3;3;;;;;
Sandra;W5D4-1;1;1;;;;;
Storm;W5D4-1;2;2;;;;;
Wietske;W5D4-1;3;1;;;;;
René;W5D5 - Project - Lil_Playlist;3;2;;;;;
Evelyn;W5D5 - Project - Lil_Playlist;4;3;;;;;
Floris;W5D5 - Project - Lil_Playlist;3;1;;;;;
Hector;W5D5 - Project - Lil_Playlist;3;1;;;;;
Martina;W5D5 - Project - Lil_Playlist;1;1;;;;;
Maurits;W5D5 - Project - Lil_Playlist;4;2;;;;;
Rahima;W5D5 - Project - Lil_Playlist;2;3;;;;;
Sandra;W5D5 - Project - Lil_Playlist;2;2;;;;;
Storm;W5D5 - Project - Lil_Playlist;1;2;;;;;
Wietske;W5D5 - Project - Lil_Playlist;4;2;;;;;
René;W6D1-1;1;1;;;;;
Evelyn;W6D1-1;5;5;;;;;
Floris;W6D1-1;3;2;;;;;
Hector;W6D1-1;1;1;;;;;
Martina;W6D1-1;2;1;;;;;
Maurits;W6D1-1;1;3;;;;;
Rahima;W6D1-1;4;4;;;;;
Sandra;W6D1-1;1;4;;;;;
Storm;W6D1-1;4;4;;;;;
Wietske;W6D1-1;1;1;;;;;
René;W6D2 - Project - Eindopdracht;3;4;;;;;
Evelyn;W6D2 - Project - Eindopdracht;5;5;;;;;
Floris;W6D2 - Project - Eindopdracht;4;1;;;;;
Hector;W6D2 - Project - Eindopdracht;2;4;;;;;
Martina;W6D2 - Project - Eindopdracht;1;4;;;;;
Maurits;W6D2 - Project - Eindopdracht;3;3;;;;;
Rahima;W6D2 - Project - Eindopdracht;4;1;;;;;
Sandra;W6D2 - Project - Eindopdracht;4;1;;;;;
Storm;W6D2 - Project - Eindopdracht;3;3;;;;;
Wietske;W6D2 - Project - Eindopdracht;1;2;;;;;
René;W6D2-1;2;2;;;;;
Evelyn;W6D2-1;4;3;;;;;
Floris;W6D2-1;1;1;;;;;
Hector;W6D2-1;4;2;;;;;
Martina;W6D2-1;1;4;;;;;
Maurits;W6D2-1;1;4;;;;;
Rahima;W6D2-1;1;4;;;;;
Sandra;W6D2-1;2;3;;;;;
Storm;W6D2-1;1;1;;;;;
Wietske;W6D2-1;2;1;;;;;
